Prenom;Nom;date entr√©e entreprise;identifiant
Ollie;Galasso;13/03/2006;1
Jon;Seastrunk;12/01/2007;2
Ted;Luat;17/07/2007;3
Myron;Quaife;28/09/2007;4
Hollis;Syres;22/10/2007;5
Norbert;Tebeest;05/12/2007;6
Alvaro;Callum;19/11/2010;7
Emanuel;Ferrill;06/01/2012;8
Brandon;Aufmuth;31/07/2012;9
Lamar;Sanburn;19/12/2012;10
Lindsey;Arnaiz;27/12/2012;11
Lyman;Shumer;29/04/2013;12
Santo;Abrahamson;10/06/2013;13
Bernardo;Besmer;26/05/2014;14
Millard;Ery;11/09/2014;15
Oren;Nau;13/11/2014;16
Normand;Grgurich;01/12/2014;17
Milton;Hannett;14/04/2015;18
Pete;Stobierski;12/01/2016;19
Wilbur;Pommier;22/01/2016;20
Kelvin;Objio;26/01/2016;21
Shannon;Petermeier;08/02/2016;22
Darrick;Eveler;13/07/2016;23
Adolph;Natwick;29/08/2016;24
Jamey;Elsbree;04/10/2016;25
Efren;Seaburn;28/09/2006;26
Antonio;Tulipano;15/02/2007;27
Stuart;Schachte;15/03/2007;28
Winford;Ebach;23/04/2007;29
Augustus;Melen;23/07/2007;30
Mauricio;Pratte;01/01/2008;31
Cornelius;Budak;24/06/2009;32
Chung;Riesenberger;16/12/2009;33
Stanton;Supnet;03/03/2010;34
Ryan;Martie;11/03/2010;35
Korey;McManaman;17/11/2010;36
Ian;Kroening;26/01/2011;37
Leif;Saalwaechter;11/02/2011;38
Ahmed;Sanner;14/09/2011;39
Mervin;Bromer;20/09/2012;40
Ty;Viehweg;23/10/2012;41
Victor;Jaro;22/08/2013;42
Hosea;Cumings;24/09/2013;43
Edmund;Campolo;03/01/2014;44
Cedrick;Muckler;24/01/2014;45
Hassan;Ed;18/02/2015;46
Luigi;Gerrish;09/03/2015;47
Greg;Defrancisco;10/03/2015;48
August;Novinger;20/04/2016;49
Carmelo;Roosa;16/11/2016;50